{"module_6_n_content":{"0":0.0001117211},"total_sequences":{"0":733019},"percent_gc":{"0":38},"min_sequence_length":{"0":301},"max_sequence_length":{"0":301},"module_1_status":{"0":0},"module_2_status":{"0":2},"module_3_status":{"0":2},"module_4_status":{"0":0},"module_5_status":{"0":2},"module_6_status":{"0":2},"module_7_status":{"0":2},"module_8_status":{"0":1},"module_9_status":{"0":2},"module_10_status":{"0":0},"module_1_a0":{"0":37.2811419813},"module_1_a1":{"0":0.0237393632},"module_1_a2":{"0":-0.0002446031},"module_1_a3":{"0":-0.0000000832},"module_2_std_neg":{"0":0.1213400931},"module_2_std_pos":{"0":0.0684460989},"module_3_alpha":{"0":166.3923539514},"module_3_beta":{"0":5.2213445341},"module_4_diff_mean":{"0":0.0203621552},"module_4_diff_std":{"0":0.0628083982},"module_7_alpha":{"0":170.592963344},"module_7_beta":{"0":1.0193998208},"module_8_alpha":{"0":0.0824910203},"module_8_beta":{"0":4.7764669406}}