{"module_6_n_content":{"0":0.0001910136,"1":0.0001117211,"2":0.0000587668,"3":0.0003043279,"4":0.0000365726,"5":0.06315551,"6":0.0002972907,"7":0.0021277994,"8":0.000105296,"9":0.0000199364,"10":0.0002110375},"total_sequences":{"0":511669,"1":733019,"2":2471062,"3":779582,"4":1328882,"5":1058837,"6":15187,"7":1942030,"8":749414,"9":965726,"10":5966111},"percent_gc":{"0":34,"1":38,"2":34,"3":38,"4":33,"5":53,"6":37,"7":38,"8":34,"9":34,"10":65},"min_sequence_length":{"0":35,"1":301,"2":35,"3":35,"4":35,"5":35,"6":35,"7":35,"8":35,"9":35,"10":35},"max_sequence_length":{"0":301,"1":301,"2":151,"3":301,"4":151,"5":251,"6":301,"7":251,"8":301,"9":301,"10":301},"module_1_status":{"0":0,"1":0,"2":2,"3":2,"4":2,"5":0,"6":1,"7":2,"8":2,"9":2,"10":0},"module_2_status":{"0":2,"1":2,"2":2,"3":2,"4":2,"5":0,"6":1,"7":2,"8":2,"9":2,"10":1},"module_3_status":{"0":2,"1":2,"2":2,"3":2,"4":2,"5":2,"6":2,"7":2,"8":2,"9":2,"10":2},"module_4_status":{"0":0,"1":0,"2":0,"3":0,"4":0,"5":0,"6":0,"7":0,"8":0,"9":0,"10":0},"module_5_status":{"0":2,"1":2,"2":2,"3":2,"4":2,"5":2,"6":2,"7":2,"8":1,"9":2,"10":1},"module_6_status":{"0":2,"1":2,"2":2,"3":2,"4":2,"5":0,"6":2,"7":2,"8":2,"9":2,"10":2},"module_7_status":{"0":1,"1":2,"2":1,"3":1,"4":1,"5":1,"6":1,"7":1,"8":1,"9":1,"10":1},"module_8_status":{"0":2,"1":1,"2":1,"3":2,"4":1,"5":2,"6":2,"7":0,"8":2,"9":1,"10":1},"module_9_status":{"0":2,"1":2,"2":2,"3":1,"4":2,"5":2,"6":2,"7":1,"8":1,"9":2,"10":2},"module_10_status":{"0":2,"1":0,"2":2,"3":2,"4":2,"5":2,"6":2,"7":2,"8":2,"9":2,"10":2},"module_1_a0":{"0":39.1877300445,"1":37.2811420179,"2":35.2103907607,"3":37.9914679806,"4":35.0171008569,"5":39.2348965511,"6":37.3444710214,"7":39.0074055251,"8":37.6075373974,"9":38.204662646,"10":36.7613484401},"module_1_a1":{"0":-0.0965849165,"1":0.0237393615,"2":-0.0166717382,"3":-0.0321344445,"4":-0.0170619182,"5":-0.1906386003,"6":-0.0397297805,"7":-0.018526372,"8":-0.0225781169,"9":-0.0359592015,"10":0.0126134213},"module_1_a2":{"0":0.0011074972,"1":-0.0002446031,"2":0.0001836113,"3":0.000346493,"4":0.0001597414,"5":0.0027108968,"6":0.0003872134,"7":0.0001880912,"8":0.0002069241,"9":0.0004008649,"10":-0.0000475898},"module_1_a3":{"0":-0.0000034723,"1":-0.0000000832,"2":-0.0000019083,"3":-0.0000010599,"4":-0.0000018558,"5":-0.0000103737,"6":-0.000001397,"7":-0.0000007359,"8":-0.0000006011,"9":-0.0000013076,"10":-0.0000007566},"module_2_std_neg":{"0":0.1524357709,"1":0.1213400931,"2":0.0836434284,"3":0.0922639107,"4":0.0873614255,"5":1.0514377478,"6":0.443473143,"7":0.0762716959,"8":0.1184887466,"9":0.0555730754,"10":0.6514114393},"module_2_std_pos":{"0":0.1108863645,"1":0.0684460989,"2":0.0486953723,"3":0.0623406818,"4":0.0838433364,"5":0.9499386367,"6":0.6007287182,"7":0.0590213194,"8":0.0755266822,"9":0.0570100889,"10":0.2873350521},"module_3_alpha":{"0":166.4954287413,"1":166.3923539514,"2":165.8240936941,"3":166.5379329001,"4":165.715925644,"5":164.9507958085,"6":166.3575504001,"7":166.3721334181,"8":166.4566297813,"9":166.382902763,"10":39.107386592},"module_3_beta":{"0":5.0996927413,"1":5.2213445341,"2":5.5326659979,"3":5.0460541523,"4":5.8125434666,"5":5.9883293319,"6":5.2662226141,"7":5.0963473388,"8":5.1342243028,"9":5.1623756527,"10":2.1398195647},"module_4_diff_mean":{"0":0.0246248118,"1":0.0203621552,"2":0.0375762496,"3":0.0207089221,"4":0.0411842269,"5":0.0265810246,"6":0.0362848833,"7":0.0266069548,"8":0.0237042471,"9":0.0233915678,"10":0.0318282101},"module_4_diff_std":{"0":0.0685395446,"1":0.0628083982,"2":0.0901267777,"3":0.0642929954,"4":0.09783466,"5":0.0721276297,"6":0.0720781498,"7":0.0684893699,"8":0.0668638106,"9":0.0689064445,"10":0.0692399728},"module_7_alpha":{"0":170.5824438621,"1":170.592963344,"2":169.9483369638,"3":170.561889855,"4":170.0097642671,"5":170.484824419,"6":170.6004264487,"7":170.5130193041,"8":170.6237530552,"9":170.6117720864,"10":170.4345553544},"module_7_beta":{"0":1.0330880212,"1":1.0193998208,"2":1.6125394362,"3":1.0384575141,"4":1.6117993385,"5":1.104612437,"6":1.023101044,"7":1.0805070734,"8":0.9972125249,"9":0.9933773609,"10":0.9811788549},"module_8_alpha":{"0":0.126128163,"1":0.0824910203,"2":0.0390683549,"3":0.0996097144,"4":0.0474127985,"5":0.1688190393,"6":0.4097456301,"7":0.0347011388,"8":0.0810501905,"9":0.0636637904,"10":0.0503999439},"module_8_beta":{"0":6.7861621068,"1":4.7764669411,"2":1.3815088857,"3":5.7555264532,"4":1.8245572623,"5":9.4046532427,"6":19.3194966215,"7":2.4351613168,"8":3.9693931281,"9":2.7810234069,"10":1.9946489109}}