{"organism":{"78":"Ecoli","79":"Ecoli","80":"Ecoli","81":"Ecoli","82":"Ecoli","83":"Ecoli","84":"Ecoli","85":"Ecoli","86":"Ecoli","87":"Ecoli","88":"Ecoli","89":"Ecoli","90":"Ecoli","91":"Ecoli","92":"Ecoli","93":"Ecoli","94":"Ecoli","95":"Ecoli"},"technology":{"78":"MS","79":"MS","80":"MS","81":"MS","82":"MS","83":"MS","84":"MS","85":"MS","86":"MS","87":"MS","88":"HS","89":"HS","90":"HS","91":"HS","92":"HS","93":"HS","94":"HS","95":"HS"},"read_number":{"78":2,"79":2,"80":1,"81":2,"82":1,"83":1,"84":2,"85":1,"86":1,"87":2,"88":2,"89":2,"90":2,"91":1,"92":1,"93":1,"94":1,"95":2},"evaluation":{"78":0,"79":0,"80":0,"81":0,"82":0,"83":0,"84":0,"85":0,"86":0,"87":0,"88":0,"89":0,"90":0,"91":0,"92":0,"93":0,"94":1,"95":1},"module_6_n_content":{"78":0.000594338,"79":0.0000042679,"80":0.0000451311,"81":0.000053645,"82":0.0001303681,"83":0.0009273966,"84":0.0001289467,"85":0.0001870108,"86":0.0000511686,"87":0.0000452167,"88":0.0682342119,"89":0.0713597727,"90":0.06315551,"91":0.0000239307,"92":0.0000101093,"93":0.000009707,"94":0.0001209879,"95":0.0012789339},"total_sequences":{"78":23236,"79":949,"80":866227,"81":378359,"82":806181,"83":23236,"84":806181,"85":949,"86":378359,"87":866227,"88":671848,"89":702610,"90":1058837,"91":1058837,"92":702610,"93":671848,"94":1308725,"95":1308725},"percent_gc":{"78":51,"79":51,"80":51,"81":50,"82":51,"83":51,"84":51,"85":51,"86":50,"87":51,"88":49,"89":50,"90":53,"91":53,"92":50,"93":49,"94":50,"95":50},"min_sequence_length":{"78":35,"79":35,"80":35,"81":35,"82":35,"83":35,"84":35,"85":35,"86":35,"87":35,"88":35,"89":35,"90":35,"91":35,"92":35,"93":35,"94":35,"95":35},"max_sequence_length":{"78":301,"79":301,"80":301,"81":301,"82":301,"83":301,"84":301,"85":301,"86":301,"87":301,"88":251,"89":251,"90":251,"91":251,"92":251,"93":251,"94":251,"95":251},"module_1_status":{"78":0,"79":0,"80":0,"81":0,"82":0,"83":2,"84":0,"85":1,"86":0,"87":0,"88":0,"89":0,"90":0,"91":2,"92":2,"93":2,"94":2,"95":2},"module_2_status":{"78":0,"79":0,"80":2,"81":2,"82":2,"83":1,"84":1,"85":0,"86":1,"87":2,"88":0,"89":0,"90":0,"91":1,"92":1,"93":1,"94":2,"95":2},"module_3_status":{"78":2,"79":0,"80":2,"81":2,"82":2,"83":2,"84":2,"85":2,"86":2,"87":2,"88":2,"89":2,"90":2,"91":2,"92":2,"93":2,"94":2,"95":2},"module_4_status":{"78":0,"79":0,"80":1,"81":1,"82":1,"83":0,"84":1,"85":0,"86":1,"87":1,"88":0,"89":0,"90":0,"91":0,"92":0,"93":0,"94":0,"95":0},"module_5_status":{"78":1,"79":1,"80":1,"81":1,"82":1,"83":1,"84":1,"85":0,"86":0,"87":1,"88":0,"89":1,"90":2,"91":2,"92":1,"93":0,"94":1,"95":1},"module_6_status":{"78":2,"79":2,"80":2,"81":2,"82":2,"83":2,"84":2,"85":2,"86":2,"87":2,"88":0,"89":0,"90":0,"91":2,"92":2,"93":2,"94":2,"95":2},"module_7_status":{"78":1,"79":1,"80":1,"81":1,"82":1,"83":1,"84":1,"85":1,"86":1,"87":1,"88":1,"89":1,"90":1,"91":1,"92":1,"93":1,"94":1,"95":1},"module_8_status":{"78":2,"79":2,"80":2,"81":2,"82":2,"83":2,"84":2,"85":2,"86":2,"87":2,"88":2,"89":2,"90":2,"91":2,"92":2,"93":2,"94":2,"95":2},"module_9_status":{"78":1,"79":1,"80":2,"81":2,"82":2,"83":1,"84":2,"85":1,"86":2,"87":2,"88":2,"89":2,"90":2,"91":2,"92":2,"93":2,"94":2,"95":2},"module_10_status":{"78":2,"79":2,"80":2,"81":2,"82":2,"83":2,"84":2,"85":2,"86":2,"87":2,"88":2,"89":2,"90":2,"91":2,"92":2,"93":2,"94":2,"95":2},"module_1_a0":{"78":36.8531844376,"79":29.0221098544,"80":35.940244403,"81":36.0310646189,"82":36.1177542802,"83":37.4579930479,"84":34.9786194539,"85":36.2147049046,"86":35.5908059261,"87":35.5729651008,"88":38.8565257525,"89":38.1931836895,"90":39.2348964974,"91":37.9000719692,"92":37.787435484,"93":37.7601722029,"94":39.4252090482,"95":39.0055403512},"module_1_a1":{"78":-0.0270828895,"79":-0.0119405243,"80":0.0612097079,"81":0.0487721127,"82":0.054774175,"83":-0.0230406055,"84":0.0530682538,"85":-0.0286179365,"86":0.0669248518,"87":0.0535368118,"88":-0.1895274388,"89":-0.1867075532,"90":-0.1906385982,"91":-0.0221009617,"92":-0.0219012539,"93":-0.0231881344,"94":-0.0158620008,"95":-0.026712969},"module_1_a2":{"78":0.0002802305,"79":-0.0000763671,"80":-0.0006486723,"81":-0.0005117646,"82":-0.000553368,"83":0.0002391348,"84":-0.0006605502,"85":0.00021725,"86":-0.000787773,"87":-0.0006146391,"88":0.0026934786,"89":0.0026354643,"90":0.0027108968,"91":0.0002843698,"92":0.0002751413,"93":0.0002877449,"94":0.0001861161,"95":0.0003068631},"module_1_a3":{"78":-0.0000012134,"79":-0.000000162,"80":0.0000007282,"81":0.0000003571,"82":0.0000005054,"83":-0.0000008333,"84":0.0000008058,"85":-0.000000807,"86":0.0000011025,"87":0.000000636,"88":-0.0000102952,"89":-0.0000100241,"90":-0.0000103737,"91":-0.0000011244,"92":-0.0000010964,"93":-0.0000011485,"94":-0.0000007448,"95":-0.0000014537},"module_2_std_neg":{"78":0.5365339254,"79":3.1648818536,"80":0.555298884,"81":0.1268778983,"82":0.2894143676,"83":0.4907305071,"84":0.9226982849,"85":6.4319621731,"86":0.8005358334,"87":0.4870110795,"88":1.0586324645,"89":0.9601027097,"90":1.0514377478,"91":0.2171143835,"92":0.1993795023,"93":0.20799151,"94":0.0759256566,"95":0.1584246131},"module_2_std_pos":{"78":0.6006789579,"79":2.7595295426,"80":0.5290912144,"81":0.2864789256,"82":0.3630397379,"83":0.2769043881,"84":0.6483276658,"85":1.9763262082,"86":0.735255203,"87":0.4310354547,"88":0.9067938853,"89":0.8752495685,"90":0.9499386367,"91":0.1035184427,"92":0.0837194228,"93":0.0938666652,"94":0.0394829409,"95":0.1179437093},"module_3_alpha":{"78":166.4467208182,"79":50.8978979602,"80":166.2858012274,"81":166.3235106371,"82":166.2893593441,"83":166.5202056324,"84":166.3228324626,"85":166.031107689,"86":166.1620838589,"87":166.2164545213,"88":165.7463208349,"89":146.183033051,"90":164.9507958085,"91":165.8375869739,"92":165.6105247409,"93":165.7722664361,"94":166.6492675703,"95":166.2087359912},"module_3_beta":{"78":5.177554946,"79":5.829348938,"80":5.3311819241,"81":5.2487087891,"82":5.3304479509,"83":5.1036345716,"84":5.3002748826,"85":5.5932295834,"86":5.4177451124,"87":5.3113915817,"88":5.8126137569,"89":25.3792979624,"90":5.9883293319,"91":5.6668306631,"92":5.9468891706,"93":5.8362533754,"94":4.9671707899,"95":5.3466385416},"module_4_diff_mean":{"78":0.0340255907,"79":0.0855686523,"80":0.0190490758,"81":0.0202760799,"82":0.0192833212,"83":0.0325976655,"84":0.0197723571,"85":0.0836080615,"86":0.0202694906,"87":0.0194540705,"88":0.0283060036,"89":0.0267094272,"90":0.0265810246,"91":0.0234093491,"92":0.0233517935,"93":0.0250651092,"94":0.0240887189,"95":0.0260898629},"module_4_diff_std":{"78":0.0751076695,"79":0.0773801455,"80":0.0691647504,"81":0.0719642375,"82":0.0669574597,"83":0.0660201375,"84":0.0708975695,"85":0.0663081613,"86":0.0687168859,"87":0.0726394964,"88":0.0708831841,"89":0.0721437055,"90":0.0721276297,"91":0.076206693,"92":0.0754398851,"93":0.0736855776,"94":0.077430981,"95":0.0926357379},"module_7_alpha":{"78":170.5991531059,"79":170.6233108639,"80":170.5740355267,"81":170.6231430319,"82":170.6276240486,"83":170.6021108218,"84":170.6182369846,"85":170.5639954387,"86":170.6377146298,"87":170.688140763,"88":170.4926094376,"89":170.492697589,"90":170.484824419,"91":170.4696937074,"92":170.4727654916,"93":170.4730186975,"94":170.3690741482,"95":170.3911332903},"module_7_beta":{"78":1.0244294278,"79":1.0010504298,"80":1.0028672252,"81":0.9908355789,"82":0.9965235417,"83":1.0220775881,"84":0.9900173161,"85":1.0603803882,"86":0.9856129319,"87":0.9265476092,"88":1.1201975528,"89":1.1313731297,"90":1.104612437,"91":1.1534877337,"92":1.1294874263,"93":1.1311733118,"94":1.1307173873,"95":1.1403913177},"module_8_alpha":{"78":0.8058340289,"79":9.0047487194,"80":0.1246514256,"81":0.2503755532,"82":0.1380726466,"83":0.7836400232,"84":0.1578402944,"85":1.8121290979,"86":0.2473107689,"87":0.1354802142,"88":0.1797897987,"89":0.2004282035,"90":0.1688190391,"91":0.0985257087,"92":0.1232109404,"93":0.1096681107,"94":0.0821784075,"95":0.0868394071},"module_8_beta":{"78":30.3070982466,"79":162.6196102519,"80":6.6235833344,"81":12.8820705491,"82":7.3657484974,"83":29.7538346014,"84":8.4821560243,"85":52.177326498,